,filename,len_in_sec,sr,num_hops,OVRL_raw,SIG_raw,BAK_raw,OVRL,SIG,BAK,P808_MOS
0,D:/AudioSample/white\D4_755.wav,9.25,16000,1,1.7501662,3.6928568,1.3870933,1.9409089284646677,4.0341745223985335,1.4597871003953127,2.1815865
